	observableId	simulationConditionId	simulation	time	noiseParameters	datasetId	preequilibrationConditionId
0	observable_TotalCases	pred1	3.6666666630000003e-07	0.0	sd_TotalCases	test	
1	observable_TotalCases	pred1	1.1006223570430138e-06	1.0	sd_TotalCases	test	
2	observable_TotalCases	pred1	2.197789456826137e-06	2.0	sd_TotalCases	test	
3	observable_TotalCases	pred1	3.7646611310968598e-06	3.0	sd_TotalCases	test	
4	observable_TotalCases	pred1	5.9356312500588095e-06	3.99	sd_TotalCases	test	
5	observable_TotalCases	pred1	8.8072459010132e-06	5.0	sd_TotalCases	test	
6	observable_TotalCases	pred1	1.2217280333713786e-05	6.0	sd_TotalCases	test	
7	observable_TotalCases	pred1	1.6262702397524297e-05	7.0	sd_TotalCases	test	
8	observable_TotalCases	pred1	2.1037877155444333e-05	8.0	sd_TotalCases	test	
9	observable_TotalCases	pred1	2.666041938823138e-05	9.0	sd_TotalCases	test	
10	observable_TotalCases	pred1	3.327277749467601e-05	10.0	sd_TotalCases	test	
11	observable_TotalCases	pred1	4.104502738878974e-05	11.0	sd_TotalCases	test	
12	observable_TotalCases	pred1	5.007992106144093e-05	11.99	sd_TotalCases	test	
13	observable_TotalCases	pred1	5.9834051673903644e-05	13.0	sd_TotalCases	test	
14	observable_TotalCases	pred1	7.142028943975072e-05	14.0	sd_TotalCases	test	
15	observable_TotalCases	pred1	8.534921711570362e-05	15.0	sd_TotalCases	test	
16	observable_TotalCases	pred1	0.00010210995721933958	16.0	sd_TotalCases	test	
17	observable_TotalCases	pred1	0.0001222872124738775	17.0	sd_TotalCases	test	
18	observable_TotalCases	pred1	0.00014658227334384444	18.0	sd_TotalCases	test	
19	observable_TotalCases	pred1	0.00017583770826329697	19.0	sd_TotalCases	test	
20	observable_TotalCases	pred1	0.00021106664570794337	20.0	sd_TotalCases	test	
21	observable_TotalCases	pred1	0.00025348777716134005	21.0	sd_TotalCases	test	
22	observable_TotalCases	pred1	0.00030512227132089653	22.01	sd_TotalCases	test	
23	observable_TotalCases	pred1	0.0003607846390683365	23.0	sd_TotalCases	test	
24	observable_TotalCases	pred1	0.00041987085570788967	24.0	sd_TotalCases	test	
25	observable_TotalCases	pred1	0.00048366438926251965	25.0	sd_TotalCases	test	
26	observable_TotalCases	pred1	0.0005537471692193107	26.0	sd_TotalCases	test	
27	observable_TotalCases	pred1	0.0006315767370297776	27.0	sd_TotalCases	test	
28	observable_TotalCases	pred1	0.0007176595984498021	27.99	sd_TotalCases	test	
29	observable_TotalCases	pred1	0.0008098529097934541	29.0	sd_TotalCases	test	
30	observable_TotalCases	pred1	0.0008993193355628818	30.0	sd_TotalCases	test	
31	observable_TotalCases	pred1	0.0009867828073200423	31.0	sd_TotalCases	test	
32	observable_TotalCases	pred1	0.0010721588489531625	32.0	sd_TotalCases	test	
33	observable_TotalCases	pred1	0.0011554347921089473	33.0	sd_TotalCases	test	
34	observable_TotalCases	pred1	0.0012366432601433272	34.0	sd_TotalCases	test	
35	observable_TotalCases	pred1	0.001315844676538391	35.0	sd_TotalCases	test	
36	observable_TotalCases	pred1	0.0013931157160781955	36.0	sd_TotalCases	test	
37	observable_TotalCases	pred1	0.001468541746196424	37.0	sd_TotalCases	test	
38	observable_TotalCases	pred1	0.0015414836039135964	37.99	sd_TotalCases	test	
39	observable_TotalCases	pred1	0.0016347736812809092	39.0	sd_TotalCases	test	
40	observable_TotalCases	pred1	0.0017206087572695131	40.0	sd_TotalCases	test	
41	observable_TotalCases	pred1	0.0018004462390078702	41.0	sd_TotalCases	test	
42	observable_TotalCases	pred1	0.0018749087677995763	42.0	sd_TotalCases	test	
43	observable_TotalCases	pred1	0.0019445350165060821	43.0	sd_TotalCases	test	
44	observable_TotalCases	pred1	0.00200979590825968	44.0	sd_TotalCases	test	
45	observable_TotalCases	pred1	0.002071106533278187	45.0	sd_TotalCases	test	
46	observable_Deaths	pred1	0.0	0.0	sd_Deaths	test	
47	observable_Deaths	pred1	2.1475098891759625e-11	1.0	sd_Deaths	test	
48	observable_Deaths	pred1	1.6439255004955784e-10	2.0	sd_Deaths	test	
49	observable_Deaths	pred1	5.877597235367671e-10	3.0	sd_Deaths	test	
50	observable_Deaths	pred1	1.5047734428898398e-09	3.99	sd_Deaths	test	
51	observable_Deaths	pred1	3.2659023464916764e-09	5.0	sd_Deaths	test	
52	observable_Deaths	pred1	6.234570453204859e-09	6.0	sd_Deaths	test	
53	observable_Deaths	pred1	1.0905722427631662e-08	7.0	sd_Deaths	test	
54	observable_Deaths	pred1	1.784722295687289e-08	8.0	sd_Deaths	test	
55	observable_Deaths	pred1	2.77226210158716e-08	9.0	sd_Deaths	test	
56	observable_Deaths	pred1	4.1304470643451875e-08	10.0	sd_Deaths	test	
57	observable_Deaths	pred1	5.9491070084188235e-08	11.0	sd_Deaths	test	
58	observable_Deaths	pred1	8.305677770821114e-08	11.99	sd_Deaths	test	
59	observable_Deaths	pred1	1.1402700402539489e-07	13.0	sd_Deaths	test	
60	observable_Deaths	pred1	1.5300378066910164e-07	14.0	sd_Deaths	test	
61	observable_Deaths	pred1	2.0191004721057615e-07	15.0	sd_Deaths	test	
62	observable_Deaths	pred1	2.6269859674322623e-07	16.0	sd_Deaths	test	
63	observable_Deaths	pred1	3.376926112894541e-07	17.0	sd_Deaths	test	
64	observable_Deaths	pred1	4.296685914869193e-07	18.0	sd_Deaths	test	
65	observable_Deaths	pred1	5.419547655092917e-07	19.0	sd_Deaths	test	
66	observable_Deaths	pred1	6.785482529224347e-07	20.0	sd_Deaths	test	
67	observable_Deaths	pred1	8.442553291340731e-07	21.0	sd_Deaths	test	
68	observable_Deaths	pred1	1.0470632104908048e-06	22.01	sd_Deaths	test	
69	observable_Deaths	pred1	1.275219047280738e-06	23.0	sd_Deaths	test	
70	observable_Deaths	pred1	1.5265578984072237e-06	24.0	sd_Deaths	test	
71	observable_Deaths	pred1	1.8000768358157578e-06	25.0	sd_Deaths	test	
72	observable_Deaths	pred1	2.0970922721543024e-06	26.0	sd_Deaths	test	
73	observable_Deaths	pred1	2.419127551725178e-06	27.0	sd_Deaths	test	
74	observable_Deaths	pred1	2.7643575985158213e-06	27.99	sd_Deaths	test	
75	observable_Deaths	pred1	3.1458009124251952e-06	29.0	sd_Deaths	test	
76	observable_Deaths	pred1	3.5549609032072457e-06	30.0	sd_Deaths	test	
77	observable_Deaths	pred1	3.997961338347874e-06	31.0	sd_Deaths	test	
78	observable_Deaths	pred1	4.477342799784318e-06	32.0	sd_Deaths	test	
79	observable_Deaths	pred1	4.995650047602113e-06	33.0	sd_Deaths	test	
80	observable_Deaths	pred1	5.555401215660986e-06	34.0	sd_Deaths	test	
81	observable_Deaths	pred1	6.15906427459845e-06	35.0	sd_Deaths	test	
82	observable_Deaths	pred1	6.809038838139605e-06	36.0	sd_Deaths	test	
83	observable_Deaths	pred1	7.507642042169403e-06	37.0	sd_Deaths	test	
84	observable_Deaths	pred1	8.249344240604182e-06	37.99	sd_Deaths	test	
85	observable_Deaths	pred1	9.062034703135072e-06	39.0	sd_Deaths	test	
86	observable_Deaths	pred1	9.926156025428977e-06	40.0	sd_Deaths	test	
87	observable_Deaths	pred1	1.0850161317882883e-05	41.0	sd_Deaths	test	
88	observable_Deaths	pred1	1.1834672803020921e-05	42.0	sd_Deaths	test	
89	observable_Deaths	pred1	1.2880234443971803e-05	43.0	sd_Deaths	test	
90	observable_Deaths	pred1	1.398731001512572e-05	44.0	sd_Deaths	test	
91	observable_Deaths	pred1	1.5156280871491806e-05	45.0	sd_Deaths	test	
92	observable_Recovered	pred1	0.0	0.0	sd_Recovered	test	
93	observable_Recovered	pred1	2.2117138204268076e-08	1.0	sd_Recovered	test	
94	observable_Recovered	pred1	6.944158290195836e-08	2.0	sd_Recovered	test	
95	observable_Recovered	pred1	1.5105562544624815e-07	3.0	sd_Recovered	test	
96	observable_Recovered	pred1	2.7789146956584897e-07	3.99	sd_Recovered	test	
97	observable_Recovered	pred1	4.6979986142771004e-07	5.0	sd_Recovered	test	
98	observable_Recovered	pred1	7.331370867727703e-07	6.0	sd_Recovered	test	
99	observable_Recovered	pred1	1.0804404700802944e-06	7.0	sd_Recovered	test	
100	observable_Recovered	pred1	1.524660050712733e-06	8.0	sd_Recovered	test	
101	observable_Recovered	pred1	2.0811201166540106e-06	9.0	sd_Recovered	test	
102	observable_Recovered	pred1	2.767956150062508e-06	10.0	sd_Recovered	test	
103	observable_Recovered	pred1	3.6066132225689595e-06	11.0	sd_Recovered	test	
104	observable_Recovered	pred1	4.611294967003248e-06	11.99	sd_Recovered	test	
105	observable_Recovered	pred1	5.827453417165361e-06	13.0	sd_Recovered	test	
106	observable_Recovered	pred1	7.241561599400024e-06	14.0	sd_Recovered	test	
107	observable_Recovered	pred1	8.910924890416095e-06	15.0	sd_Recovered	test	
108	observable_Recovered	pred1	1.0890770210658917e-05	16.0	sd_Recovered	test	
109	observable_Recovered	pred1	1.3247236458503287e-05	17.0	sd_Recovered	test	
110	observable_Recovered	pred1	1.6059627779116045e-05	18.0	sd_Recovered	test	
111	observable_Recovered	pred1	1.9423129874994392e-05	19.0	sd_Recovered	test	
112	observable_Recovered	pred1	2.3452074299413595e-05	20.0	sd_Recovered	test	
113	observable_Recovered	pred1	2.8283867714739918e-05	21.0	sd_Recovered	test	
114	observable_Recovered	pred1	3.41295648584544e-05	22.01	sd_Recovered	test	
115	observable_Recovered	pred1	3.9096122996144085e-05	23.0	sd_Recovered	test	
116	observable_Recovered	pred1	4.498900669854419e-05	24.0	sd_Recovered	test	
117	observable_Recovered	pred1	5.181153630120278e-05	25.0	sd_Recovered	test	
118	observable_Recovered	pred1	5.964063040703706e-05	26.0	sd_Recovered	test	
119	observable_Recovered	pred1	6.857734720924316e-05	27.0	sd_Recovered	test	
120	observable_Recovered	pred1	7.863697809597598e-05	27.99	sd_Recovered	test	
121	observable_Recovered	pred1	9.025443279341266e-05	29.0	sd_Recovered	test	
122	observable_Recovered	pred1	0.00010308665721330809	30.0	sd_Recovered	test	
123	observable_Recovered	pred1	0.00011718672803246914	31.0	sd_Recovered	test	
124	observable_Recovered	pred1	0.00013249808113909877	32.0	sd_Recovered	test	
125	observable_Recovered	pred1	0.00014896429086929435	33.0	sd_Recovered	test	
126	observable_Recovered	pred1	0.00016653003976827433	34.0	sd_Recovered	test	
127	observable_Recovered	pred1	0.00018514170503259954	35.0	sd_Recovered	test	
128	observable_Recovered	pred1	0.0002047476956394306	36.0	sd_Recovered	test	
129	observable_Recovered	pred1	0.00022529862485236104	37.0	sd_Recovered	test	
130	observable_Recovered	pred1	0.0002465285938837188	37.99	sd_Recovered	test	
131	observable_Recovered	pred1	0.00027236210313201774	39.0	sd_Recovered	test	
132	observable_Recovered	pred1	0.00029915921664615865	40.0	sd_Recovered	test	
133	observable_Recovered	pred1	0.00032698768020389944	41.0	sd_Recovered	test	
134	observable_Recovered	pred1	0.00035571284321623956	42.0	sd_Recovered	test	
135	observable_Recovered	pred1	0.0003852142511459921	43.0	sd_Recovered	test	
136	observable_Recovered	pred1	0.00041538387445259824	44.0	sd_Recovered	test	
137	observable_Recovered	pred1	0.00044612464977876465	45.0	sd_Recovered	test	
138	observable_CurrentCases	pred1	3.6666666630000003e-07	0.0	sd_CurrentCases	test	
139	observable_CurrentCases	pred1	1.0784837437398536e-06	1.0	sd_CurrentCases	test	
140	observable_CurrentCases	pred1	2.1281834813741284e-06	2.0	sd_CurrentCases	test	
141	observable_CurrentCases	pred1	3.613017745927075e-06	3.0	sd_CurrentCases	test	
142	observable_CurrentCases	pred1	5.656235007050072e-06	3.99	sd_CurrentCases	test	
143	observable_CurrentCases	pred1	8.334180137239001e-06	5.0	sd_CurrentCases	test	
144	observable_CurrentCases	pred1	1.1477908676487813e-05	6.0	sd_CurrentCases	test	
145	observable_CurrentCases	pred1	1.5171356205016371e-05	7.0	sd_CurrentCases	test	
146	observable_CurrentCases	pred1	1.9495369881774727e-05	8.0	sd_CurrentCases	test	
147	observable_CurrentCases	pred1	2.45515766505615e-05	9.0	sd_CurrentCases	test	
148	observable_CurrentCases	pred1	3.0463516873970046e-05	10.0	sd_CurrentCases	test	
149	observable_CurrentCases	pred1	3.7378923096136585e-05	11.0	sd_CurrentCases	test	
150	observable_CurrentCases	pred1	4.538556931672947e-05	11.99	sd_CurrentCases	test	
151	observable_CurrentCases	pred1	5.3892571252712924e-05	13.0	sd_CurrentCases	test	
152	observable_CurrentCases	pred1	6.402572405968163e-05	14.0	sd_CurrentCases	test	
153	observable_CurrentCases	pred1	7.623638217807698e-05	15.0	sd_CurrentCases	test	
154	observable_CurrentCases	pred1	9.095648841193748e-05	16.0	sd_CurrentCases	test	
155	observable_CurrentCases	pred1	0.00010870228340408478	17.0	sd_CurrentCases	test	
156	observable_CurrentCases	pred1	0.00013009297697324146	18.0	sd_CurrentCases	test	
157	observable_CurrentCases	pred1	0.00015587262362279326	19.0	sd_CurrentCases	test	
158	observable_CurrentCases	pred1	0.00018693602315560738	20.0	sd_CurrentCases	test	
159	observable_CurrentCases	pred1	0.0002243596541174661	21.0	sd_CurrentCases	test	
160	observable_CurrentCases	pred1	0.0002699456432519516	22.01	sd_CurrentCases	test	
161	observable_CurrentCases	pred1	0.000320413297024912	23.0	sd_CurrentCases	test	
162	observable_CurrentCases	pred1	0.0003733552911109386	24.0	sd_CurrentCases	test	
163	observable_CurrentCases	pred1	0.00043005277612550143	25.0	sd_CurrentCases	test	
164	observable_CurrentCases	pred1	0.0004920094465401197	26.0	sd_CurrentCases	test	
165	observable_CurrentCases	pred1	0.0005605802622688095	27.0	sd_CurrentCases	test	
166	observable_CurrentCases	pred1	0.0006362582627553106	27.99	sd_CurrentCases	test	
167	observable_CurrentCases	pred1	0.0007164526760876165	29.0	sd_CurrentCases	test	
168	observable_CurrentCases	pred1	0.0007926777174463668	30.0	sd_CurrentCases	test	
169	observable_CurrentCases	pred1	0.0008655981179492252	31.0	sd_CurrentCases	test	
170	observable_CurrentCases	pred1	0.0009351834250142797	32.0	sd_CurrentCases	test	
171	observable_CurrentCases	pred1	0.0010014748511920511	33.0	sd_CurrentCases	test	
172	observable_CurrentCases	pred1	0.001064557819159392	34.0	sd_CurrentCases	test	
173	observable_CurrentCases	pred1	0.001124543907231193	35.0	sd_CurrentCases	test	
174	observable_CurrentCases	pred1	0.001181558981600625	36.0	sd_CurrentCases	test	
175	observable_CurrentCases	pred1	0.001235735479301893	37.0	sd_CurrentCases	test	
176	observable_CurrentCases	pred1	0.001286705665789273	37.99	sd_CurrentCases	test	
177	observable_CurrentCases	pred1	0.0013533495434457563	39.0	sd_CurrentCases	test	
178	observable_CurrentCases	pred1	0.0014115233845979252	40.0	sd_CurrentCases	test	
179	observable_CurrentCases	pred1	0.0014626083974860875	41.0	sd_CurrentCases	test	
180	observable_CurrentCases	pred1	0.0015073612517803158	42.0	sd_CurrentCases	test	
181	observable_CurrentCases	pred1	0.0015464405309161178	43.0	sd_CurrentCases	test	
182	observable_CurrentCases	pred1	0.0015804247237919563	44.0	sd_CurrentCases	test	
183	observable_CurrentCases	pred1	0.0016098256026279296	45.0	sd_CurrentCases	test	
184	observable_DiagHome	pred1	2.421048598286319e-06	3.0	sd_DiagHome	test	
185	observable_DiagHome	pred1	3.5463735281794966e-06	3.99	sd_DiagHome	test	
186	observable_DiagHome	pred1	4.9103488719725846e-06	5.0	sd_DiagHome	test	
187	observable_DiagHome	pred1	6.365597017035e-06	6.0	sd_DiagHome	test	
188	observable_DiagHome	pred1	7.970937626170509e-06	7.0	sd_DiagHome	test	
189	observable_DiagHome	pred1	9.773275539349119e-06	8.0	sd_DiagHome	test	
190	observable_DiagHome	pred1	1.1822979059780097e-05	9.0	sd_DiagHome	test	
191	observable_DiagHome	pred1	1.4175843283077723e-05	10.0	sd_DiagHome	test	
192	observable_DiagHome	pred1	1.689495395869021e-05	11.0	sd_DiagHome	test	
193	observable_DiagHome	pred1	2.0018580574653854e-05	11.99	sd_DiagHome	test	
194	observable_DiagHome	pred1	2.2727737903635304e-05	13.0	sd_DiagHome	test	
195	observable_DiagHome	pred1	2.617082906793486e-05	14.0	sd_DiagHome	test	
196	observable_DiagHome	pred1	3.050234012938499e-05	15.0	sd_DiagHome	test	
197	observable_DiagHome	pred1	3.587395329996003e-05	16.0	sd_DiagHome	test	
198	observable_DiagHome	pred1	4.247343475658455e-05	17.0	sd_DiagHome	test	
199	observable_DiagHome	pred1	5.053090319695051e-05	18.0	sd_DiagHome	test	
200	observable_DiagHome	pred1	6.032663349376089e-05	19.0	sd_DiagHome	test	
201	observable_DiagHome	pred1	7.22006060221344e-05	20.0	sd_DiagHome	test	
202	observable_DiagHome	pred1	8.656411802872135e-05	21.0	sd_DiagHome	test	
203	observable_DiagHome	pred1	0.00010421656847708974	22.01	sd_DiagHome	test	
204	observable_DiagHome	pred1	0.00013607861288303174	23.0	sd_DiagHome	test	
205	observable_DiagHome	pred1	0.00017217201237854432	24.0	sd_DiagHome	test	
206	observable_DiagHome	pred1	0.00021247027480987871	25.0	sd_DiagHome	test	
207	observable_DiagHome	pred1	0.00025737711877839796	26.0	sd_DiagHome	test	
208	observable_DiagHome	pred1	0.0003074082018854532	27.0	sd_DiagHome	test	
209	observable_DiagHome	pred1	0.0003625957323735849	27.99	sd_DiagHome	test	
210	observable_DiagHome	pred1	0.0004193338381582747	29.0	sd_DiagHome	test	
211	observable_DiagHome	pred1	0.0004703318788602739	30.0	sd_DiagHome	test	
212	observable_DiagHome	pred1	0.0005166075713910776	31.0	sd_DiagHome	test	
213	observable_DiagHome	pred1	0.000558546646709518	32.0	sd_DiagHome	test	
214	observable_DiagHome	pred1	0.000596498823253241	33.0	sd_DiagHome	test	
215	observable_DiagHome	pred1	0.0006307832629422833	34.0	sd_DiagHome	test	
216	observable_DiagHome	pred1	0.0006616926362364687	35.0	sd_DiagHome	test	
217	observable_DiagHome	pred1	0.0006894962420974175	36.0	sd_DiagHome	test	
218	observable_DiagHome	pred1	0.000714442467379799	37.0	sd_DiagHome	test	
219	observable_DiagHome	pred1	0.0007365498980648625	37.99	sd_DiagHome	test	
220	observable_DiagHome	pred1	0.0007817741579790339	39.0	sd_DiagHome	test	
221	observable_DiagHome	pred1	0.0008196109555774935	40.0	sd_DiagHome	test	
222	observable_DiagHome	pred1	0.0008510392637300788	41.0	sd_DiagHome	test	
223	observable_DiagHome	pred1	0.0008767580382147543	42.0	sd_DiagHome	test	
224	observable_DiagHome	pred1	0.0008974008944937355	43.0	sd_DiagHome	test	
225	observable_DiagHome	pred1	0.000913540527907725	44.0	sd_DiagHome	test	
226	observable_DiagHome	pred1	0.0009256933787308225	45.0	sd_DiagHome	test	
227	observable_Hospit	pred1	1.128728855385843e-06	3.0	sd_Hospit	test	
228	observable_Hospit	pred1	1.9827714405399823e-06	3.99	sd_Hospit	test	
229	observable_Hospit	pred1	3.195340508596265e-06	5.0	sd_Hospit	test	
230	observable_Hospit	pred1	4.739043315960792e-06	6.0	sd_Hospit	test	
231	observable_Hospit	pred1	6.630008882120085e-06	7.0	sd_Hospit	test	
232	observable_Hospit	pred1	8.893166990276385e-06	8.0	sd_Hospit	test	
233	observable_Hospit	pred1	1.156959739948145e-05	9.0	sd_Hospit	test	
234	observable_Hospit	pred1	1.4715366643023263e-05	10.0	sd_Hospit	test	
235	observable_Hospit	pred1	1.840158858440926e-05	11.0	sd_Hospit	test	
236	observable_Hospit	pred1	2.2668830728261616e-05	11.99	sd_Hospit	test	
237	observable_Hospit	pred1	2.7706354460668335e-05	13.0	sd_Hospit	test	
238	observable_Hospit	pred1	3.3490573628818165e-05	14.0	sd_Hospit	test	
239	observable_Hospit	pred1	4.028468207585947e-05	15.0	sd_Hospit	test	
240	observable_Hospit	pred1	4.833560529515549e-05	16.0	sd_Hospit	test	
241	observable_Hospit	pred1	5.793086402491879e-05	17.0	sd_Hospit	test	
242	observable_Hospit	pred1	6.940958475587821e-05	18.0	sd_Hospit	test	
243	observable_Hospit	pred1	8.317486166616529e-05	19.0	sd_Hospit	test	
244	observable_Hospit	pred1	9.970802780422413e-05	20.0	sd_Hospit	test	
245	observable_Hospit	pred1	0.00011958545281785151	21.0	sd_Hospit	test	
246	observable_Hospit	pred1	0.00014368288192133477	22.01	sd_Hospit	test	
247	observable_Hospit	pred1	0.00016026935884183116	23.0	sd_Hospit	test	
248	observable_Hospit	pred1	0.00017496102082400485	24.0	sd_Hospit	test	
249	observable_Hospit	pred1	0.0001890791807986012	25.0	sd_Hospit	test	
250	observable_Hospit	pred1	0.00020370729123437466	26.0	sd_Hospit	test	
251	observable_Hospit	pred1	0.00021966009339559122	27.0	sd_Hospit	test	
252	observable_Hospit	pred1	0.00023739613947016392	27.99	sd_Hospit	test	
253	observable_Hospit	pred1	0.00025781105218325033	29.0	sd_Hospit	test	
254	observable_Hospit	pred1	0.0002797799416257475	30.0	sd_Hospit	test	
255	observable_Hospit	pred1	0.00030291394648887114	31.0	sd_Hospit	test	
256	observable_Hospit	pred1	0.0003267946227136979	32.0	sd_Hospit	test	
257	observable_Hospit	pred1	0.00035111472672843424	33.0	sd_Hospit	test	
258	observable_Hospit	pred1	0.0003756444612366598	34.0	sd_Hospit	test	
259	observable_Hospit	pred1	0.0004002087374608534	35.0	sd_Hospit	test	
260	observable_Hospit	pred1	0.00042467172335993266	36.0	sd_Hospit	test	
261	observable_Hospit	pred1	0.00044892631191878886	37.0	sd_Hospit	test	
262	observable_Hospit	pred1	0.0004726489620153607	37.99	sd_Hospit	test	
263	observable_Hospit	pred1	0.0004881347764876275	39.0	sd_Hospit	test	
264	observable_Hospit	pred1	0.0005025171140139118	40.0	sd_Hospit	test	
265	observable_Hospit	pred1	0.0005161530183363796	41.0	sd_Hospit	test	
266	observable_Hospit	pred1	0.0005291079624546017	42.0	sd_Hospit	test	
267	observable_Hospit	pred1	0.0005414148259160719	43.0	sd_Hospit	test	
268	observable_Hospit	pred1	0.0005530875326805267	44.0	sd_Hospit	test	
269	observable_Hospit	pred1	0.0005641297646723407	45.0	sd_Hospit	test	
270	observable_ICU	pred1	6.324029225491305e-08	3.0	sd_ICU	test	
271	observable_ICU	pred1	1.2709003833059316e-07	3.99	sd_ICU	test	
272	observable_ICU	pred1	2.2849075667015163e-07	5.0	sd_ICU	test	
273	observable_ICU	pred1	3.732683434920203e-07	6.0	sd_ICU	test	
274	observable_ICU	pred1	5.704096967257771e-07	7.0	sd_ICU	test	
275	observable_ICU	pred1	8.289273521492218e-07	8.0	sd_ICU	test	
276	observable_ICU	pred1	1.1590001912999513e-06	9.0	sd_ICU	test	
277	observable_ICU	pred1	1.5723069478690614e-06	10.0	sd_ICU	test	
278	observable_ICU	pred1	2.082380553037111e-06	11.0	sd_ICU	test	
279	observable_ICU	pred1	2.698158013814002e-06	11.99	sd_ICU	test	
280	observable_ICU	pred1	3.4584788884092872e-06	13.0	sd_ICU	test	
281	observable_ICU	pred1	4.364321362928612e-06	14.0	sd_ICU	test	
282	observable_ICU	pred1	5.449359972832522e-06	15.0	sd_ICU	test	
283	observable_ICU	pred1	6.746929816821964e-06	16.0	sd_ICU	test	
284	observable_ICU	pred1	8.297984622581427e-06	17.0	sd_ICU	test	
285	observable_ICU	pred1	1.0152489020412735e-05	18.0	sd_ICU	test	
286	observable_ICU	pred1	1.2371128462867077e-05	19.0	sd_ICU	test	
287	observable_ICU	pred1	1.5027389329248824e-05	20.0	sd_ICU	test	
288	observable_ICU	pred1	1.8210083270893256e-05	21.0	sd_ICU	test	
289	observable_ICU	pred1	2.2046192853527085e-05	22.01	sd_ICU	test	
290	observable_ICU	pred1	2.406532530004913e-05	23.0	sd_ICU	test	
291	observable_ICU	pred1	2.622225790838942e-05	24.0	sd_ICU	test	
292	observable_ICU	pred1	2.8503320517021505e-05	25.0	sd_ICU	test	
293	observable_ICU	pred1	3.09250365273471e-05	26.0	sd_ICU	test	
294	observable_ICU	pred1	3.351196698776515e-05	27.0	sd_ICU	test	
295	observable_ICU	pred1	3.626639091156178e-05	27.99	sd_ICU	test	
296	observable_ICU	pred1	3.9307785746091356e-05	29.0	sd_ICU	test	
297	observable_ICU	pred1	4.256589696034543e-05	30.0	sd_ICU	test	
298	observable_ICU	pred1	4.6076600069276526e-05	31.0	sd_ICU	test	
299	observable_ICU	pred1	4.984215559106376e-05	32.0	sd_ICU	test	
300	observable_ICU	pred1	5.3861301210375874e-05	33.0	sd_ICU	test	
301	observable_ICU	pred1	5.813009498044873e-05	34.0	sd_ICU	test	
302	observable_ICU	pred1	6.264253353387088e-05	35.0	sd_ICU	test	
303	observable_ICU	pred1	6.739101614327504e-05	36.0	sd_ICU	test	
304	observable_ICU	pred1	7.236670000330527e-05	37.0	sd_ICU	test	
305	observable_ICU	pred1	7.750680570905e-05	37.99	sd_ICU	test	
306	observable_ICU	pred1	8.344060897909488e-05	39.0	sd_ICU	test	
307	observable_ICU	pred1	8.939531500652001e-05	40.0	sd_ICU	test	
308	observable_ICU	pred1	9.541611541962901e-05	41.0	sd_ICU	test	
309	observable_ICU	pred1	0.00010149525111095984	42.0	sd_ICU	test	
310	observable_ICU	pred1	0.00010762481050631046	43.0	sd_ICU	test	
311	observable_ICU	pred1	0.00011379666320370463	44.0	sd_ICU	test	
312	observable_ICU	pred1	0.00012000245922476643	45.0	sd_ICU	test	
